Nama Cabang,Kode Cabang,Alamat
KCU THAMRIN,0206,"Menara BCA, Grand Indonesia, Jln. MH Thamrin No. 1 Jakarta Pusat 10310"
KCU CITY TOWER,0319,"The City Tower, Ground Floor, Jln. MH. Thamrin No. 81 Jakarta Pusat 10310"
KCU WAHID HASYIM,0028,Jln. KH. Wahid Hasyim No. 183 A-B Jakarta Pusat
KCU SURYOPRANOTO,0261,"Jln. Suryopranoto 40 Jakarta Pusat 10130 021-6331742"
KCU PANGERAN JAYAKARTA,0194,Jln. Pangeran Jayakarta No.127 Jakarta Pusat
KCU PASAR BARU,0002,Jln. KH Samanhudi 8 Jakarta Pusat 10710 021-2310411
KCU GUNSA 45,0003,"Jln. Gunung Sahari 45 Jakarta Pusat 10720 021-6012123"
KCU SUDIRMAN,0035,"Gedung Chase Plaza, Jln. Jend. Sudirman Kav. 21 Jakarta Selatan 12920"
KCU WISMA GKBI,0006,"Jln. Jend. Sudirman 28, Suite G 01 Jakarta Selatan"
KCU KUNINGAN,0217,"Gedung Menara Karya Ground Floor, Jln. HR Rasuna Said Blok X-5 Kav. 1-2"
KCU BLOK A CIPETE,0218,Jln. RS Fatmawati 6 A Jakarta Selatan 12410 021-7658605
KCU PONDOK INDAH,0291,"Wisma BCA Pondok Indah, Jln. Metro Pondok Indah Jakarta Selatan 12310"
KCU MENARA BIDAKARA,0450,"Menara Bidakara Lt. Lobby dan Lt.1, Jln. Gatot Subroto Kav.71-73 Jakarta"
KCU WISMA MILLENIA,0005,Jalan M.T. Haryono Kav. 16 Jakarta Selatan
KCU KALIMALANG,0230,Jln. Tarum Barat Blok E No. 5 Jakarta Timur 13450 021-8643295
KCU MATRAMAN,0342,Jln. Matraman Raya 14-16 Jakarta Timur 13150 021-8581259
KCU RAWAMANGUN,0094,Jln. Paus 81 Jakarta Timur
KCU MANGGA DUA RAYA,0335,Jl.Mangga Dua Raya Blok C-5 Kav. No.1 Jakarta Utara
KCU PLUIT,0168,Jln. Pluit Selatan 200 Jakarta Utara 14440 021-6601718
KCU MUARA KARANG,0069,Jln. Muara Karang Timur Blok B VIII No.116-117 Jakarta Utara 14450
KCU SUNTER MALL,0428,"Jln. Danau Sunter Utara Blok G 7 III No.1-2, Sunter Podomoro Jakarta Utara"
KCU KELAPA GADING,0065,Jln. Kelapa Gading Boulevard Raya Blok L No.1 Jakarta Utara 14240
KCU TANJUNG PRIOK,0007,Jln. Enggano 22-23 Jakarta Utara 14310 021-4301312
KCU ASEMKA,0001,Jln. Asemka 27-30 Jakarta Barat 11110 021-6901771
KCU GAJAH MADA,0012,Jln. Gajah Mada 112 B-C-D Jakarta Barat 11120 021-6302111
KCU TAMAN DUTA MAS,0277,Jln. Tubagus Angke No. 10 ABC dan 11 H Jakarta Barat
KCU WISMA ASIA,0084,"Wisma Asia, Jln. S. Parman Kav. 79 Jakarta Barat"
KCU DAAN MOGOT,0198,Jln. Daan Mogot No. 95 Jakarta Barat
KCU GREEN GARDEN,0253,Perum. Green Garden Blok A.7 No.33-34 Jakarta Barat
KCU KEDOYA PERMAI,0372,"Ruko Taman Kedoya Permai, Blok A 1A No.4-5 Jakarta Barat 11530"
KCU PURI INDAH,0288,Komp. Puri Indah Blok A/20-22 Jakarta Barat 11610 021-5802635
KCP Bintaro Utama,6030,"Bintaro Jaya Blok E Kav.3-5, Jln. Bintaro Utama Rukan Jakarta Selatan 12330,"
KCP Gedung Hijau,0498,"Jln. Gedung Hijau Raya No. 41, Pondok Indah Jakarta Selatan 12130"
KCP Iskandar Muda II,5315,"Jln. Iskandar Muda 8 EFG Jakarta Selatan 12240, 021-7225234"
KCP Pondok Indah,0237,Jln. Metro Pondok Indah UA 60 & 61 Jakarta Selatan
KCP Radio Dalam,0219,Jln. Radio Dalam Raya No. 5 B-C Jakarta Selatan
KCP Fatmawati,0071,"Jln. RS Fatmawati 1 Jakarta Selatan 12430, 021-7500199, 7503675"
KCP Cibubur,6280,"Cibubur Indah Blk BA, Jln. Lapangan Tembak Blok A/24-26 Jakarta Timur"
KCP Cyber II,6070,"Gedung Cyber 2 Ground Floor, Jl. HR. Rasuna Said Kav. X-5 No. 13 Jakarta"
KCP Gatot Subroto,0145,"Graha BIP Lt.Dasar, Jln. Gatot Subroto Kav.23 Jakarta Selatan 12930"
KCP Graha Paramita,5020,"Gdg Graha Paramita Lobby Depan, Jln. Denpasar Raya Blok D-2 Jakarta"
KCP HR Rasuna Said,5700,Jln. Rasuna Said Kav. B10-11 Jakarta Selatan
KCP Menara Imperium,0221,Jln. HR Rasuna Said Kav.01 Jakarta Selatan
KCP Menara Mulia,0255,"Gedung Menara Mulia Lt.Dasar, Jln. Gatot Subroto Kav.9-11 Jakarta Selatan"
KCP Setiabudi Atrium,7660,"Plaza Setiabudi, Gd.Setiabudi Atrium Lt.1 Suite 101 A, Jln.HR.Rasuna Said"
KCP Graha Inti Fauzi,0375,"Gd. Graha Inti Fauzi Lt. Dasar, Jln. Buncit Raya No. 22, Pejaten Jakarta"
KCP Kemang,0286,Jln. Raya Kemang No. 60 Jakarta Selatan
KCP Pasar Minggu,0128,"Jln. Raya Pasar Minggu 6 Jakarta Selatan 12740, 021-7974306"
KCP Bendungan Hilir,0301,"Jln. Bendungan Hilir 18-19 Jakarta Pusat 10210, 021-5736665"
KCP Menara Batavia,5460,"Gedung Menara Batavia Lt.Basement, Jln.KH Mansyur kav.126 Jakarta Pusat"
KCP Plaza Sentral,0441,Jln. Jend. Sudirman Kav.47 Jakarta Selatan
KCP Empat Enam,5255,"Wisma 46 Lantai Dasar, Jln. Jend. Sudirman Kav. 1 Jakarta Pusat 10220,"
KCP Menteng,7350,"Jln. HOS Cokroaminoto 83, Jakarta Pusat 10310, 021-3905401-02"
KCP Pasar Kebayoran Lama,0248,"Jln. Kebayoran Lama 174 Jakarta Selatan 12230, 021-2700436-38"
KCP Permata Hijau,0178,"Pertokoan Permata Hijau Blok D No. C27-28 dan B22 Jakarta Selatan 12210,"
KCP Sabang,0075,"Jln. H. Agus Salim 57 B Jakarta Pusat 10340, 021-31922488"
KCP Wisma Indocement,0459,"Wisma Indocement, Gd.Annex Lt. Dasar, Jl. Jend. Sudirman Kav. 1 Jakarta"
KCP Penjernihan,0111,"Jln. Penjernihan I No.23 Jakarta Pusat 10210, 021-5719050"
KCP Mayestik,0228,"Jln. Kyai Maja 77, Kebayoran Baru Jakarta Selatan"
KCP Melawai,0070,Jln. Melawai Raya 165 Blok C 1-3 Jakarta
KCP Panglima Polim Raya,5660,"Ruko Grand Panglima Polim, Jln. Panglima Polim Raya 16-17 Jakarta Selatan"
KCP Wolter Monginsidi,5240,"Jln. Wolter Monginsidi 56 Jakarta Selatan 12790, 021-7202124-25"
KCP Gondangdia Lama,0455,Jln. R.P. Soeroso No. 25 Jakarta Pusat
KCP Pasar Kenari,0068,"Jln. Kenari II/8 Jakarta Pusat 10430, 021-3900543-44, 3900763"
KCP Cempaka Putih Raya,7060,Jln. Cempaka Putih Raya 102 C-D Jakarta Pusat
KCP Bungur,0391,Jln. Bungur Besar Raya 32 & 32A Jakarta Pusat
KCP Senen,0091,"Pusat Grosir Senen Jaya Blok A8-9 Lantai 2 Jakarta Pusat 10410,"
KCP Kalimalang,0164,Jln. Inspeksi Kav. PTB Blok A 2 No. 2 C-D Jakarta Timur
KCP Klender,0412,Jln. I Gusti Ngurah Rai 8 A-B Jakarta Timur
KCP Pondok Bambu,0274,"Pondok Bambu Center Blok A/5-6, Jln. Pahlawan Revolusi 30 Jakarta Timur"
KCP Boulevard Timur,6600,"Jln. Boulevard Timur Blok NC 1 No.54-55 Jakarta Utara 14240,"
KCP Mal Kelapa Gading,6320,Jln. Boulevard Raya Blk LB1 No. 15-16 Jakarta Utara
KCP Gading Bukit Indah,7480,Jln. Bukit Gading Raya Blok D/1 Jakarta Utara
KCP Kelapa Gading Boulevard,0227,"Jln. Kelapa Gading Boulevard Blok FX No.9-10 Jakarta Utara 14240,"
KCP Pulo Gadung,0275,Jln. Raya Bekasi Km.19 No.30 B-C Jakarta Timur
KCP Graha Kirana,6380,"Gedung Graha Kirana, Jl. Yos Sudarso No. 88 Jakarta Utara 14240,"
KCP Sunter Bisma,5820,"Komp. Nirwana Sunter Blok A/31-32, Jln. Bisma Raya Asri Jakarta Utara"
KCP Sunter,0093,"Jln. Agung Utara Raya Blok A 360 D No.50-51, Sunter Agung Jakarta Utara"
KCP Grand Cempaka Mas,8770,"Ruko Mega Grosir Cempaka Mas Blok A/5-A/7, Jln.Letjen Suprapto jakarta"
KCP Prima Sunter,6590,"Ruko Prima Sunter, Jln. Danau Sunter Utara No.A2-A3 Jakarta Utara 14350,"
KCP Sunter Danau,0419,"Jln. Danau Agung 2 Blok E2 No. 1A, Sunter Podomoro Jakarta Utara 14350,"
KCP Tmn Sunter Indah,5000,Taman Sunter Indah Blok KI-1/31 Jakarta Utara
KCP Kramat Jaya,0414,"Jln. Kramat Jaya Blok F1/10 Jakarta Utara 14130, 021-4400742"
KCP Gudang Peluru,0272,"Komp. Gudang Peluru Blok A No. 23, Jln. Kampung Melayu Besar Jakarta"
KCP M.T. Haryono Cawang,7160,Jln. MT Haryono Kav. 9 Jakarta Timur
KCP Dewi Sartika,0273,Jln. Dewi Sartika 189 Jakarta Timur
KCP Kramat Jati,0165,Jln. Raya Bogor RT. 001 RW. 04 No. 19 Jakarta Timur
KCP Tebet Barat,0436,Jln. Tebet Barat IX/40 Jakarta Selatan
KCP Bandengan Utara Raya,5830,Jln. Bandengan Utara Raya 1A Jakarta Barat
KCP Cengkeh,0240,"Jln. Cengkeh 21-21A Jakarta Barat 11110, 021-6905245-48"
KCP Perniagaan Timur,5300,Jln. Perniagaan Timur 38 Jakarta Barat
KCP Telepon Kota,5320,Jln. Telepon Kota 34 Jakarta Barat
KCP Tiang Bendera,7100,Jln. Tiang Bendera 5 No.38 E Jakarta Barat
KCP Jamblang,5990,Jln. Jamblang Raya 51 Jakarta Barat
KCP Jembatan Lima,0105,"Jln. KH. Moch. Mansyur 15 F Jakarta Pusat 10140, 021-6323430"
KCP Ketapang,0401,"Komp.Ketapang Indah Blok A/3-4, Jln. KH Zainal Arifin Jakarta Barat 11140,"
KCP KHM Mansyur,0179,"Jln. KHM Mansyur 246 A & B Jakarta Barat 11250, 021-6254641"
KCP Agung Sedayu II,7460,"Komp. Agung Sedayu Blok C No.11, Jln. Mangga Dua Raya Jakarta Pusat,"
KCP Ancol,0211,"Jln. Parang Tritis Blok A VI No.3B-3C Jakarta Utara,"
KCP Gunung Sahari,0212,"Pert.Gunung Sahari Indah Blok B/11-12, Jl.Raya Gunung Sahari 13 Jakarta"
KCP Mangga Dua,0160,"Pst.Perd.Grosir Psr Pagi Lt.2 Bl.KA No.001A-B,002&012,Jl.Arteri M.D. Jakarta"
KCP Mangga Dua ITC,0480,"Gedung ITC Mangga Dua Lt.IV Blok B No.20-25, 29-32, Jln. Mangga Dua Raya"
KCP Mangga Dua Mal,6930,"Mangga Dua Mal No. RM. 49, Jln. Mangga Dua Raya Jakarta Pusat 10730,"
Pasar Pagi Mangga Dua,6360,"Gedung Pusat Perdagangan Grosir Pasar Pagi Lt.III, Ruang No.4 (Banking),"
KCP Kapuk Kamal,0313,Jln. Raya Kapuk Kamal No. 1A Blok DEF Jakarta Utara
KCP Kapuk Muara,0408,"Komp.Duta Harapan Indah, Jln. Kapuk Muara Blok K.32-33 Jakarta Utara"
KCP Muara Karang 2,6370,"Jln. Pluit Karang No. 64 Blok Z3 Selatan Kav. 32 Jakarta Utara 14450,"
KCP Muara Karang 3,4070,"Jln. Galeri Niaga Mediterania Blok X.3 Kav.No.A8.J, Pantai Indah Kapuk"
KCP Pantai Indah Kapuk,8740,"Jln. Pantai Indah Selatan I Blok DF No.1 & 2 Jakarta Utara 14460,"
KCP Teluk Mas,0481,Jln. Teluk Gong No. 9 & 9A Jakarta Utara
KCP Glodok Plaza,0082,"Pertokoan Glodok Plaza Blok E/7-8, Jln. Pinangsia Raya 1Jakarta"
KCP Jayakarta,0083,"Jln. P. Jayakarta 26 Blok A/2-3 Jakarta 10730, 021-6499960"
KCP Jembatan Merah,0241,"Jln. Mangga Besar 177 C Jakarta Barat 11180, 021-6006745,"
KCP Lindeteves,6450,"Gedung Hayam Wuruk Indah Lt 1 Blok A-L 01,CKS 056, Jln.Hayam Wuruk 100"
KCP Mandala,0307,Jln. Hayam Wuruk No. 110C Jakarta Barat
KCP Mangga Besar,0161,Jln. Raya Mangga Besar 15 Jakarta Barat
KCP Jembatan Dua,0074,"Jln. Jembatan Dua 82 BB-BC Jakarta Utara 14450, 021-6604438-40"
KCP Pluit Kencana,0244,Jln. Taman Pluit Kencana Selatan No. 1-3 Jakarta Utara
KCP Pluit Mega Mal,5810,Jln. Pluit Permai Raya 60 Jakarta Utara
KCP Pluit Samudra,6020,Jln. Pluit Samudra No. 9 Blok N Kav. 5 Jakarta Utara
KCP Pluit Timur,0386,Jln. Pluit Timur Blok L Barat Kav. 41-42 No.12A-14
KCP Batu Ceper,0224,"Jln. Batu Ceper Raya 18 A-B Jakarta Pusat 10210, 021-3853383"
KCP Hayam Wuruk,0350,Jln. Hayam Wuruk 54 Jakarta Barat
KCP Karang Anyar,0370,Jln. Karang Anyar Blok A1 No.14-15 Jakarta Pusat
KCP Pintu air,0106,"Jln. Pintu Air 36 Q Jakarta Pusat 10710, 021-3456366"
KCP Sawah Besar,0284,"Jln. Sukarjo Wiryopranoto 28 C Jakarta Pusat 10120, 021-2311388"
KCP Taman Sari,0285,"Jln. Taman Sari 47-47A Jakarta Barat 11150, 021-2600190"
KCP Bina Nusantara,5270,"Kamp.II Univ.Bina Nusantara,Jln.Anggrek Cakra 10 Kebon Jeruk Jakarta Barat"
KCP Cideng Barat,0397,Jln. Cideng Barat 53 Jakarta Pusat
KCP KS Tubun,5260,"Gd.Graha Indramas Lt.dasar, Jln.AIP II KS Tubun Raya No.77 Jakarta Barat"
KCP Mandala Raya,0398,"Jln. Mandala Raya 14 Jakarta Barat 11440, 021-5666756"
KCP Palmerah,0229,"Jln. Palmerah Barat 38 A Jakarta Barat 11210, 021-5481108"
KCP Tomang Raya,0310,"Jln. Tomang Raya 64 Jakarta Barat 11430, 021-5669000"
KCP Kepa Duri,0127,"Jln. Mangga Raya 20 Jakarta Barat 11510, 021-5663978"
KCP Mall Ciputra,0466,"Mal Ciputra LG II No. 24-28, Jln. Arteri S. Parman, Slipi Jakarta Barat 11470,"
KCP Taman Ratu,0162,Komp.Taman Ratu Blok B 5/8 Jakarta Barat
KCP Tanjung Duren,0076,Jln. Tanjung Duren 3 Jakarta Barat
KCP Tomang Tol,0073,Jln. Arjuna Kav. 8 A/1 Jakarta Barat
KCP Citra Garden,0399,Perum. Citra Garden I Blok I.1/4 Jakarta Barat
KCP Citra Garden II,5390,Perum. Citra Garden II Ruko Citra Niaga Blok B No. 1 & 2 Jakarta Barat
KCP Taman Kencana,5310,"Komp.Taman Kencana Blok C1/11, Jln. Kamal Raya, Cengkareng Jakarta Barat"
KCP Taman Palem Lestari,7570,"Komp. Perum Taman Palem Lestari Blok C5 No. 52 Jakarta Barat 11730,"
KCP Intercon Megah,6250,"Komp.Intercom Megah, Jln. Joglo Raya Blok W-IV No. 27 Jakarta Barat 11630,"
KCP Kebon Jeruk,0287,"Komp. Taman Kebon Jeruk, Jln. Meruya Ilir Blok B 6-9 Jakarta Barat 11630,"
KCP Wisma Relasi,0491,Jln. Panjang 333 Jakarta Barat
Kedoya Baru,0309,Ruko Tomang Tol Raya Blok A 1/21-22 Jakarta Barat
KCP Taman Permata Buana,0490,"Ruko Taman Permata Buana, Jln. Pulau Bira III Blok D1/36-37 Kembangan"
KCP Taman Semanan Indah,5490,"Perum. Taman Semanan Blok C/48, Jln.Duri Kosambi Jakarta Barat 11750,"
KCP Duta Merlin,0308,"Komp. Duta Merlin Blok A No. 24-25, Jln. Gajah Mada 3-5 Jakarta Pusat"
KCP Hasyim Ashari,0262,Jln. KH H. Ashari 5 AA Jakarta Pusat
KCP ITC Roxy Mas,5450,"ITC Roxy Mas Basement 13, Jln.KH.Hasyim Ashari 125 Jakarta Pusat,"
KCP Niaga Roxy Mas II,5330,"ITC Roxy Mas Lt. 4 Blok E No. 26-38, Jln. KH Hasyim Ashari No. 125 Jakarta"
KCP Grogol Muwardi,0268,Jln. Muwardi 1/44 Jakarta Barat
KCP Grogol Permai,0260,"Pert.Grogol Permai Blok F 3-4, Jln. Prof. Latumenten Jakarta Barat 11460,"
KCP Latumenten,0311,Jln. Prof. Dr. Latumenten 28 Jakarta Barat
KCP Taman Harapan Indah,5380,"Komp. Taman Harapan Indah Blok EE No.1, Jelambar Baru Jakarta Barat"
KCP Metro Tanah Abang,6260,Pusat Grosir Metro Tanah Abang Lt. Lower Ground Blok A No.
KCP Pasar Tanah Abang,0369,Jln. KH Fachrudin 36 Blok D/23 Jakarta Pusat
KCP Tanah Abang Blok A,8390,"Kios Pasar Tanah Abang Blok A Basement I/G-063, F-080, F-081 Jakarta Pusat"
KCP Wahid,0478,Jln. KH Wahid Hasyim 82 Jakarta Pusat
KCP BEJ,0458,"Gd. Bursa Efek Jakarta, Tower II G-09 & 108, Jln. Jend. Sudirman Kav. 52-53"
KCP Mal Taman Anggrek,0467,"Lower Ground Lot. C 07, Jln. S. Parman Kav. 21, Slipi Jakarta Barat 11470,"
KCU BEKASI,0066,Jln. Ir. H. Juanda 54 Bekasi
KCP Ahmad Yani Bekasi,7390,"Ruko Kalimalang Commercial Center Blok A No.5-6, Jln. A. Yani Bekasi, Jawa"
KCP Bulevar Hijau,5210,"Komp. Sentra Niaga Bulevar Hijau Kav. 33-35, Medan Satria Bekasi - Jawa"
KCP Cikarang,0343,"Ruko Cikarang Plaza, Jln. Yos Sudarso Blok B No. 5-6 Bekasi Jawa Barat"
KCP Lippo Cikarang,5220,"Jln. M. Thamrin Blok B-9, Thamrin Square Lippo City, Cikarang Bekasi Jawa"
KCP Taman Galaxi,5770,"Jln. Raya Taman Galaxi Blok A/31 Bekasi Jawa Barat 17147,"
KCP Pondok Gede Plaza,6870,"Ruko Pondok Gede Plaza Blok H no. 3 & 5, Jln. Raya Pondok Gede Jawa Barat"
KCU MARGONDA,8690,Jln. Margonda Raya No. 182 Depok
KCP Margo City,0421,"Margo City Unit GF 11, Jln. Margonda Raya No. 358 Depok Jawa Barat 16423,"
KCP Cinere,0267,"Jln. Cinere Raya Blok A/18-19 Sawangan, Jawa Barat"
KCU TANGERANG,0108,Jln. Kisamaun No. 57 Tangerang
KCU SERPONG,0497,"Wisma BCA BSD City, Kav. CBD Lot I.3, Jln. Pahlawan Seribu Tangerang"
KCP Pondok Lestari,0345,"Ruko Pdk Lestari Blok C/7-8, Jln. Ciledug Raya Tangerang 15157 Banten,"
KCP Alam Sutera,6040,"Jln. Sutra Niaga I No.39, Ruko Alam Sutra, Raya Serpong Tangerang 15325"
KCP Gading Serpong,8830,"Summarecon Mal Serpong Unit DGF - 17 B, Lantai Dasar - Down Town Walk"
KCP Villa Melati Mas,6050,"Komp. Pertokoan Villa Melati Mas Blok SR 1 No.18-19, Jln. Raya Serpong"
KCP Cibodas,7130,"Perum Ciobodas, Ruko Dutamas Plaza Blok A/23 Tangerang Banten 15138,"
KCP Cikokol,8680,"Komp. Mahkota Mas Blok C 5-6, Jln. MH.Thamrin Tangerang Banten 15117,"
KCP MH. Thamrin,6890,"Jln. MH. Thamrin 9, Cikokol Tangerang Banten"
KCU Ambon,0044,"Jln. Sultan Hairun 24 Ambon 97124 Maluku,"
KCU Balikpapan,0191,"Jln. Jend. Sudirman 139 B, Balikpapan 76112 Kalimantan Timur,"
KCU Banda Aceh,0043,"Jln. Panglima Polim 40 Banda Aceh 23122 Nanggroe Aceh Darussalam,"
KCU Bandar Lampung,0020,"Jln. Yos Sudarso 100 Bandar Lampung 35225 Lampung,"
KCP Tanjung karang,0023,"Jln. Raden Intan No. 38 Bandar Lampung 35111 Lampung,"
KCU Bandung,0008,"Jln. Asia Afrika 122-124 Bandung 40261 Jawa Barat, 022-4236303"
KCU A.Yani,0437,"Jln. A. Yani 656-658 Bandung 40282 Jawa Barat, 022-7206706"
KCU Dago,7770,"Jln. Ir. Juanda 66 Bandung 40138 Jawa Barat,"
KCU Soekarno Hatta,0346,"Jln.Soekarno Hatta 240 Bandung 40227 Jawa Barat, 022-5403343"
KCP ABC,0243,"Jln ABC 18 Bandung 40111 Jawa Barat,"
KCP Abdul Rachman Saleh,5150,"Jln. Abdul Rachman Saleh 77 Bandung 40174 Jawa Barat,"
KCP Burangrang,0438,"Jln. Burangrang 44 Bandung 40262 Jawa Barat,"
KCP Rajawali,0281,"Komp. Rajawali Plaza Jln. Rajawali Timur 27 B Bandung 40182 Jawa Barat,"
KCP Sudirman,0085,"Jln. Jendral Sudirman 239-241 Bandung 40231 Jawa Barat,"
KCP Suniaraja,0063,"Jln Suniaraja Timur 49 Bandung 40181 Jawa Barat,"
KCP Banda,0449,"Jln. Banda 39 Bandung 40115 Jawa Barat,"
KCP Buah Batu,7750,"Jln. Buah Batu 192 Bandung 40228 Jawa Barat,"
KCP Riau,0086,"Jln. Laks.R.E. Martadinata 92 Bandung 40114 Jawa Barat,"
KCP Maranatha,0282,"Jln. Prof. Drg. S. Soemantri 33 Bandung 40151 Jawa Barat,"
KCP Setiabudi,0233,"Jln. Setiabudi 146 Bandung 40114 Jawa Barat,"
KCP Cimahi,0139,"Jln. Cimahi 533 Bandung 40523 Jawa Barat,"
KCP Kopo,0176,"Jln. Kopo 26 A-B Bandung 40242 Jawa Barat, 022-6033127"
KCP Lingkar Selatan,0453,"Komp. Ruko Kopo Plaza B 03-04 Jln. Peta 33 Bandung 40233 Jawa Barat,"
KCP Sumbersari,0157,"Jln. Sumbersari T 12 No.23 Bandung 40222 Jawa Barat,"
KCU Bangkalan,0185,"Jln. Trunojoyo 14 Bangkalan 69112 Jawa Timur,"
KCU Banjarmasin,0051,"Jln. Lambung Mangkurat 11-13 Banjarmasin 70111 Kalimantan Selatan,"
KCU Banyuwangi,0180,"Jln. Jend. Sudirman 85-87, Banyuwangi 68415 Jawa Timur,"
KCU Batam,0061,"Jln. Raja Ali Haji 18, Sei Jodoh Batam 29432 Riau, 0778-421222"
KCP Nagoya,0340,"Komp. Sakura Anpan, Jln. Imam Bonjol Blok B 6-8 Batam 29432 Riau,"
KCU Bengkulu,0058,"Jln. S. Parman No. 66 Bengkulu 38223 Bengkulu,"
KCU Blitar,0090,"Jln. Cepaka No. 17 , Blitar 66111 Jawa Timur ,"
KCU BOGOR,0095,Jln. Ir Juanda 28 Bogor 16122 0251-314411
KCP Taman Topi Square,0174,Jln. Dewi Sartika 36 Bogor Jawa Barat
KCP Siliwangi,0427,"Jl.Siliwangi 101 Bogor Jawa Barat 16142, 0251-313737"
KCP Cimanggis,0166,"Jln. Raya Bogor Km. 29, Cimanggis - Cibinong Jawa Barat 16951,"
KCU Bukit Tinggi,8050,"Jln. A. Yani No. 51 Bukittinggi 26113 Sumatera Barat,"
KCU Cianjur,0183,"Jln. Hos Cokroaminoto 56-58 Cianjur 43215 Jawa Barat,"
KCU Cilacap,0096,"Jln. A. Yani 118 Cilacap 53212 Jawa Tengah,"
KCU Cirebon,0134,"Jln. Yos Sudarso 27 Cirebon 45111 Jawa Barat,"
KCU Denpasar,0040,"Jln. Hasanudin 58 Denpasar 80119 Bali,"
KCP Renon,7725,"Jln. Prof. Mohammad Yamin No. 11 A, Renon Denpasar 80226 Bali,"
KCU Garut,0148,"Jln. Ciledug 162 Garut 44112 Jawa Barat, 0262-231304"
KCU Gresik,7900,"Jln. R.A Kartini 98B-100 Gresik 61122 Jawa Timur,"
KCP Gresik,0150,"Jln. Dr. Sutomo 48 Gresik 61111 Jawa Timur,"
KCU Jambi,0119,"Jln. Dr. Sutomo 50-50A Jambi 36113 Jambi, 0741-21116"
KCU Jayapura,8140,"Komp. Pertokoan Jayapura Pasific Permai Blok C - 30/31, Jln. Sam Ratulangi"
KCU Jember,0024,"Jln. Gajah Mada 14-18, Jember 68131 Jawa Timur, 0331-484535"
KCU Jombang,0113,"Jln. KH Wahid Hasyim 20 Jombang 61415 Jawa Timur, 0321-862237"
KCU Kediri,0033,"Jln. Brawijaya 8, Kediri 64123 Jawa Timur , 0354-681057"
KCU Kendari,7910,"Jln. Drs. H. Abd. Silondae 129 A-B Kendari 93111 Sulawesi Tenggara,"
KCU Kisaran,0297,"Jln. Cokroaminoto No. 28 Kisaran 21215 Sumatera Utara,"
KCU Kudus,0031,"Jln. A Yani 91 Kudus 59317 Jawa Tengah, 0291-432741-432744"
KCU Kupang,0314,"Jln. Tompello 23 A Kupang 85119 Nusa Tenggara Timur,"
KCU Kuta,0146,"Jln. Raya Kuta 121 Kuta 80361 Bali, 0361-754115"
KCU Lhokseumawe,0296,"Jln. Merdeka 13-14 Lhokseumawe 24313 Nanggroe Aceh Darussalam,"
KCU Lubuk Linggau,0057,Jln. Yos Sudarso No. 155 Lubuk Linggau 31625 Sumatera Selatan
KCU Madiun,0177,"Jln. Jend. Sudirman 79-81, Madiun 63132 Jawa Timur ,"
KCU Magelang,0122,"Jln. A. Yani 1 Magelang 56117 Jawa Tengah, 0293-367777"
KCU Makassar,0025,"Jln. Jend. A. Yani 31 Makassar 90174 Sulawesi Selatan,"
KCU Borobudur,8160,"Jln. Borobudur Kompleks Ruko Kav. 3 B-C-D, Malang 65125 Jawa Timur ,"
KCP Kudusan,0062,"Jln. KH Zainul Arifin 78, Malang 65118 Jawa Timur ,"
KCU Malang,0011,"Jln. Jend. Basuki Rachmat 70-74 , Malang 65111 Jawa Timur ,"
KCU Manado,0026,Jln. Sam Ratulangi 17-19
KCU Cakranegara,0056,"Jln. Pejanggik 67 Mataram 83231 Nusa Tenggara Barat,"
KCU Asia,0195,"Jln. Asia No. 170 Medan 20214 Sumatera Utara, 061-7365800"
KCU Bukit Barisan,0383,"Jln. Bukit Barisan 3 Medan 20111 Sumatera Utara, 061-4515800,"
KCU Medan,0022,"Jln. Diponegoro 15 Medan 20112 Sumatera Utara, 061-4155800,"
KCP Iskandar Muda,0349,"Jln. Iskandar Muda 123 Medan 20153 Sumatera Utara,"
KCP Katamso Medan,8000,"Jln. Brigjen Katamso 56 B-C Medan 20151 Sumatera Utara,"
KCP Pusat Pasar,7780,"Jln. Pusat Pasar No. 2 A/P 359, Komplek Medan Mall Medan 20212 Sumatera"
KCU Mojokerto,0050,"Jln. H.O.S. Cokroaminoto 5 Mojokerto 61313 Jawa Timur,"
KCU Padang,0032,"Jln. H. Agus Salim No. 10 A Padang 25121 Sumatera Barat,"
KCP Pemuda,0163,"Jln. Pemuda No. 17 Padang 25117 Sumatera Barat,"
KCU Palangkaraya,8600,"Jln. Dr.Murjani No. 67 Pahandut Palangkaraya 73111 Kalimantan Tengah,"
KCU Palembang,0021,"Jln. Kapten Rivai 22 Palembang 30129 Sumatera Selatan,"
KCP Mesjid Lama,0045,"Jln. Mesjid Lama 27-31 Palembang 30129 Sumatera Selatan,"
KCU Palu,7920,"Jln. Emmy Saelan 17 Palu 94113 Sulawesi Tengah,"
KCU Pangkal Pinang,0041,Jln. Masjid Jamik 15 Pangkal Pinang 33132 Bangka Belitung
KCU Parepare,8460,"Jln. Makkasau No. 34 Parepare 91114 Sulawesi Selatan,"
KCP Pandaan,0199,"Jln. RA. Kartini 2, Jogosari - Pandaan,Pasuruan 67156 Jawa Timur,"
KCU Pasuruan,0089,"Jln. Perwira 200 , Pasuruan 67111 Jawa Timur,"
KCU Pekalongan,0238,"Jln. Diponegoro 27 Pekalongan 51116 Jawa Tengah, 0285-424783,"
KCU Pekanbaru,0034,"Jln. Jend. Sudirman 448 Pekanbaru 28115 Riau,"
KCP Juanda,0144,"Jln. Ir Juanda 73-75 Pekanbaru 28151 Riau,"
KCU Pematang Siantar,8200,"Jln. Merdeka No. 39 Pematang Siantar 21117 Sumatera Utara,"
KCU Pontianak,0029,"Jln. A. Yani No.6 Pontianak 78122 Kalimantan Barat, 0561-736305"
KCP Rahadi Usman,0171,"Jln. Rahadi Usman No.4 Pontianak 78117 Kalimantan Barat,"
KCU Prabumulih,0300,"Jln. Jend. Sudirman 369-370 Prabumulih 31121 Sumatera Selatan,"
KCU Probolinggo,0039,"Jln. Suroyo 28,Probolinggo 67211 Jawa Timur,"
KCU Purwakarta,0231,"Jln. Jend. Sudirman 85 Purwakarta 41114 Jawa Barat, 0264-201311"
KCU Purwodadi,0081,"Jln. MT Haryono 2 Purwodadi 58111 Jawa Tengah,"
KCU Purwokerto,0046,"Jln. Jend. Sudirman 391 A Purwokerto 53116 Jawa Tengah,"
KCU Salatiga,0013,"Jln. Diponegoro 15 Salatiga 50711 Jawa Tengah,"
KCU Samarinda,0027,"Jln. Jend. Sudirman 30 Samarinda 75111 Kalimantan Timur,"
KCP Abdul Hasan,0254,"Jln. KH. Abdul Hasan 8-9 Samarinda 75111 Kalimantan Timur,"
KCU Gang Tengah,0182,"Jln Gang Tengah 88 Semarang 50137 Jawa Tengah,"
KCU Semarang,0009,"Jln. Pemuda 90-92 Semarang 50133 Jawa Tengah, 024-3510575,"
KCP Grajen,7830,"Jln. MT Haryono 337 Semarang 50136 Jawa Tengah,"
KCP Majapahit,0462,"Jln. Majapahit 112 Semarang 50161 Jawa Tengah,"
KCP Siliwangi,0246,"Jln. Jend. Sudirman 39 Semarang 50141 Jawa Tengah,"
KCP Suari,0409,"Jln. Suari 18 Semarang 50121 Jawa Tengah,"
KCU SERANG,0245,"Jln. Diponegoro No. 14 Serang, Banten"
KCU Sidoarjo,0018,"Jln. Ahmad Yani 39 A Sidoarjo 61212 Jawa Timur, 031-8962611,"
KCP Sepanjang,0271,"Jln. Raya Wonocolo 59, Taman Sepanjang Sidoarjo 61257 Jawa Timur,"
KCU Singaraja,8270,"Jln. Dr. Sutomo 3 Singaraja 81113 Bali,"
KCU Singkawang,8170,"Jln. GM Situt No.12 B Singkawang 79123 Kalimantan Barat,"
KCU Situbondo,0121,"Jln. Diponegoro 68, Situbondo 68311 Jawa Timur, 0338-671155,"
KCU Solo Slamet Riyadi,0015,"Jln. Brigjen Slamet Riyadi 3 Solo 57112 Jawa Tengah, 0271-642225"
KCU Solo Veteran,7850,"Jln. Veteran 307 Solo 57154 Jawa Tengah, 0271-663477"
KCP Pasar Klewer,0078,"Jl. KH. Hasyim Ashari Solo 57115 Jawa Tengah,"
KCU Subang,0055,"Jln. Otto Iskandardinata 37 Subang 41211 Jawa Barat,"
KCU Sukabumi,0038,"Jln A. Yani 31 Sukabumi 43111 Jawa Barat, 0266-224455"
KCU Darmo,0088,"Jln. Raya Darmo 5 Surabaya 60265 Jawa Timur, 031-5671003-08"
KCU Diponegoro,0258,"Jln. Dr Sutomo 118 Surabaya 60241 Jawa Timur, 031-5671243"
KCU Galaxy,7880,"Jln. Kertajaya Indah Timur No. 37-39 Surabaya 60117 Jawa Timur,"
KCU HR Muhamad,8290,"Jln. HR Muhamad 17 Surabaya 60189 Jawa Timur, 031-7346460,"
KCU Indrapura,0468,"Jln. Indrapura 35 Surabaya 60176 Jawa Timur, 031-3572888"
KCU Rungkut,8220,"Jln. Kendangsari Industri 2 Surabaya 60292 Jawa Timur,"
KCU Veteran,0010,"Jln. Veteran 18-24 Surabaya 60175 Jawa Timur, 031-3531136"
KCP Baliwerti,0329,"Jln. Baliwerti 119-121 Kav. 37-38 Surabaya 60174 Jawa Timur,"
KCP Dharma Husada,0388,"Jln. Dharmahusada No. 203 Surabaya 60132 Jawa Timur,"
KCP Kapasan,0213,"Jln. Kapasan 155 Surabaya 60136 Jawa Timur,"
KCP Kapas Krampung,0101,"Jln. Kapas Krampung 126-126A-B Surabaya 60136 Jawa Timur,"
KCP Kedungdoro,0103,"Jln. Kedungdoro 118 Surabaya 60251 Jawa Timur,"
KCP Kertajaya Indah,0464,"Jln. Manyar Kertoardjo 95 Surabaya 60285 Jawa Timur,"
KCP Kusumabangsa,0188,"Jln. Kusumabangsa No. 35 Surabaya 60272 Jawa Timur,"
KCP Mangga Dua Sby,0107,"Jln. Jagir Wonokromo 100, Pertokoan Mangga Dua Blok B-6 No.1 Surabaya"
KCP Manyar,0130,"Pert.Manyar MI.Plz,Blok D14-15,Jl.Ngagel Jaya Selatan Surabaya 60245 Jawa"
KCP Margomulyo,0463,"Jln. Margomulyo No. 9 Blok AA 11-12 Surabaya 60186 Jawa Timur,"
KCP Pasar Atum,0102,"Pasar Atum Mall, Lantai 2 Stand No. BA-1 s/d BA-7, Jln. Stasiun Kota No. 7A"
KCP Pondok Chandra,0216,"Komp. Pertokoan Pondok Chandra, Jln. Palem TC 09 Surabaya 60400 Jawa"
KCP Prapen,5120,"Jln. Raya Prapen 38 Surabaya 60299 Jawa Timur,"
KCP Sungkono,0087,"Komp. Darmo Park I No.4-6, Jln. Mayjen Sungkono Surabaya 60226 Jawa"
KCP Slompretan,0036,"Jln. Slompretan 43 Surabaya 60161 Jawa Timur,"
KCP Tidar,0214,"Jln. Tidar 109 Surabaya 60252 Jawa Timur,"
KCP Tunjungan,0014,"Jln. Tunjungan 51 Atas Surabaya 60725 Jawa Timur,"
KCU Tanjung Pinang,0380,"Jln. Temiang 27-29, (Riau) Tanjung Pinang 29111 Riau, 0771-23571 (h),"
KCU Tarakan,7805,"Jln. Yos Sudarso No. 8, Kel. Karang Rejo Pantai, Kec. Tarakan Barat Tarakan"
KCU Tasikmalaya,0054,"Jln. HZ Mustofa 300 Tasikmalaya 46124 Jawa Barat, 0265-332005"
KCU Tebing Tinggi,0042,"Jln. Jend.Sudirman 225-227-229 Tebing Tinggi 20615 Sumatera Utara,"
KCU Tegal,0047,"Jln. AR. Hakim 2 Tegal 52131 Jawa Tengah, 0283-356889"
KCU Tuban,8240,"Jln. Panglima Sudirman 35 Tuban 62314 Jawa Timur,"
KCU Tulungagung,0048,"Jln. Diponegoro 54, Tulungagung 66217 Jawa Timur,"
KCU Yogyakarta,0037,"Jln. Jend. Sudirman 49-51 Yogyakarta 55223 Jawa Tengah,"
KCP Ahmad Dahlan,0169,"Jln. KH.A.Dahlan No. 27 Yogyakarta 55122 DI Yogyakarta,"
KCP Katamso,0445,"Jln. Brigjen Katamso 141 Yogyakarta 55121 DI Yogyakarta,"
